{
    "name": "root",
    "metadata": {
        "timer_format_version": "0.1.0",
        "start_time_seconds": "1726133091",
        "python_version": "3.10.11 (tags/v3.10.11:7d4cc5a, Apr  5 2023, 00:38:17) [MSC v.1929 64 bit (AMD64)]",
        "command_line_arguments": "C:\\Users\\stj.aasevimli\\ML Agents Repo\\venv\\Scripts\\mlagents-learn --run-id=Test6",
        "mlagents_version": "1.1.0.dev0",
        "mlagents_envs_version": "1.1.0.dev0",
        "communication_protocol_version": "1.5.0",
        "pytorch_version": "2.2.2+cu121",
        "numpy_version": "1.23.5",
        "end_time_seconds": "1726133123"
    },
    "total": 31.817040000009,
    "count": 1,
    "self": 0.007129100005840883,
    "children": {
        "run_training.setup": {
            "total": 0.03980749999755062,
            "count": 1,
            "self": 0.03980749999755062
        },
        "TrainerController.start_learning": {
            "total": 31.77010340000561,
            "count": 1,
            "self": 0.041666000106488355,
            "children": {
                "TrainerController._reset_env": {
                    "total": 10.146757800001069,
                    "count": 1,
                    "self": 10.146757800001069
                },
                "TrainerController.advance": {
                    "total": 21.496089399894117,
                    "count": 3057,
                    "self": 0.040559500237577595,
                    "children": {
                        "env_step": {
                            "total": 21.275009999866597,
                            "count": 3057,
                            "self": 18.22474579984555,
                            "children": {
                                "SubprocessEnvManager._take_step": {
                                    "total": 3.022186699847225,
                                    "count": 3057,
                                    "self": 0.10457090009003878,
                                    "children": {
                                        "TorchPolicy.evaluate": {
                                            "total": 2.9176157997571863,
                                            "count": 3057,
                                            "self": 2.9176157997571863
                                        }
                                    }
                                },
                                "workers": {
                                    "total": 0.028077500173822045,
                                    "count": 3056,
                                    "self": 0.0,
                                    "children": {
                                        "worker_root": {
                                            "total": 13.756063499386073,
                                            "count": 3056,
                                            "is_parallel": true,
                                            "self": 6.1372966992494185,
                                            "children": {
                                                "steps_from_proto": {
                                                    "total": 0.0002514999941922724,
                                                    "count": 1,
                                                    "is_parallel": true,
                                                    "self": 0.00013889999536331743,
                                                    "children": {
                                                        "_process_rank_one_or_two_observation": {
                                                            "total": 0.000112599998828955,
                                                            "count": 2,
                                                            "is_parallel": true,
                                                            "self": 0.000112599998828955
                                                        }
                                                    }
                                                },
                                                "UnityEnvironment.step": {
                                                    "total": 7.618515300142462,
                                                    "count": 3056,
                                                    "is_parallel": true,
                                                    "self": 0.14833300095051527,
                                                    "children": {
                                                        "UnityEnvironment._generate_step_input": {
                                                            "total": 0.12407459944370203,
                                                            "count": 3056,
                                                            "is_parallel": true,
                                                            "self": 0.12407459944370203
                                                        },
                                                        "communicator.exchange": {
                                                            "total": 6.875184600081411,
                                                            "count": 3056,
                                                            "is_parallel": true,
                                                            "self": 6.875184600081411
                                                        },
                                                        "steps_from_proto": {
                                                            "total": 0.4709230996668339,
                                                            "count": 3056,
                                                            "is_parallel": true,
                                                            "self": 0.3004216999397613,
                                                            "children": {
                                                                "_process_rank_one_or_two_observation": {
                                                                    "total": 0.17050139972707257,
                                                                    "count": 6112,
                                                                    "is_parallel": true,
                                                                    "self": 0.17050139972707257
                                                                }
                                                            }
                                                        }
                                                    }
                                                }
                                            }
                                        }
                                    }
                                }
                            }
                        },
                        "trainer_advance": {
                            "total": 0.18051989978994243,
                            "count": 3056,
                            "self": 0.04835780010034796,
                            "children": {
                                "process_trajectory": {
                                    "total": 0.13216209968959447,
                                    "count": 3056,
                                    "self": 0.13216209968959447
                                }
                            }
                        }
                    }
                },
                "trainer_threads": {
                    "total": 9.00006853044033e-07,
                    "count": 1,
                    "self": 9.00006853044033e-07
                },
                "TrainerController._save_models": {
                    "total": 0.08558929999708198,
                    "count": 1,
                    "self": 0.0031273999920813367,