{
    "name": "root",
    "metadata": {
        "timer_format_version": "0.1.0",
        "start_time_seconds": "1726130200",
        "python_version": "3.10.11 (tags/v3.10.11:7d4cc5a, Apr  5 2023, 00:38:17) [MSC v.1929 64 bit (AMD64)]",
        "command_line_arguments": "C:\\Users\\stj.aasevimli\\ML Agents Repo\\venv\\Scripts\\mlagents-learn --run-id=Test3",
        "mlagents_version": "1.1.0.dev0",
        "mlagents_envs_version": "1.1.0.dev0",
        "communication_protocol_version": "1.5.0",
        "pytorch_version": "2.2.2+cu121",
        "numpy_version": "1.23.5",
        "end_time_seconds": "1726130314"
    },
    "total": 114.35598229999596,
    "count": 1,
    "self": 0.007053799985442311,
    "children": {
        "run_training.setup": {
            "total": 0.04087350000918377,
            "count": 1,
            "self": 0.04087350000918377
        },
        "TrainerController.start_learning": {
            "total": 114.30805500000133,
            "count": 1,
            "self": 0.0837202999391593,
            "children": {
                "TrainerController._reset_env": {
                    "total": 20.79626439999265,
                    "count": 1,
                    "self": 20.79626439999265
                },
                "TrainerController.advance": {
                    "total": 93.34375170007115,
                    "count": 6011,
                    "self": 0.07863329933024943,
                    "children": {
                        "env_step": {
                            "total": 92.90751060003822,
                            "count": 6011,
                            "self": 86.83878939964052,
                            "children": {
                                "SubprocessEnvManager._take_step": {
                                    "total": 6.012186999927508,
                                    "count": 6011,
                                    "self": 0.2064565997425234,
                                    "children": {
                                        "TorchPolicy.evaluate": {
                                            "total": 5.805730400184984,
                                            "count": 6011,
                                            "self": 5.805730400184984
                                        }
                                    }
                                },
                                "workers": {
                                    "total": 0.05653420047019608,
                                    "count": 6010,
                                    "self": 0.0,
                                    "children": {
                                        "worker_root": {
                                            "total": 32.23448399968038,
                                            "count": 6010,
                                            "is_parallel": true,
                                            "self": 12.253778600002988,
                                            "children": {
                                                "steps_from_proto": {
                                                    "total": 0.0002480999974068254,
                                                    "count": 1,
                                                    "is_parallel": true,
                                                    "self": 0.00013559999933931977,
                                                    "children": {
                                                        "_process_rank_one_or_two_observation": {
                                                            "total": 0.00011249999806750566,
                                                            "count": 2,
                                                            "is_parallel": true,
                                                            "self": 0.00011249999806750566
                                                        }
                                                    }
                                                },
                                                "UnityEnvironment.step": {
                                                    "total": 19.980457299679983,
                                                    "count": 6010,
                                                    "is_parallel": true,
                                                    "self": 0.30495569967024494,
                                                    "children": {
                                                        "UnityEnvironment._generate_step_input": {
                                                            "total": 0.2529395999008557,
                                                            "count": 6010,
                                                            "is_parallel": true,
                                                            "self": 0.2529395999008557
                                                        },
                                                        "communicator.exchange": {
                                                            "total": 18.479375800001435,
                                                            "count": 6010,
                                                            "is_parallel": true,
                                                            "self": 18.479375800001435
                                                        },
                                                        "steps_from_proto": {
                                                            "total": 0.9431862001074478,
                                                            "count": 6010,
                                                            "is_parallel": true,
                                                            "self": 0.5970671000686707,
                                                            "children": {
                                                                "_process_rank_one_or_two_observation": {
                                                                    "total": 0.3461191000387771,
                                                                    "count": 12020,
                                                                    "is_parallel": true,
                                                                    "self": 0.3461191000387771
                                                                }
                                                            }
                                                        }
                                                    }
                                                }
                                            }
                                        }
                                    }
                                }
                            }
                        },
                        "trainer_advance": {
                            "total": 0.35760780070268083,
                            "count": 6010,
                            "self": 0.0982383005466545,
                            "children": {
                                "process_trajectory": {
                                    "total": 0.25936950015602633,
                                    "count": 6010,
                                    "self": 0.25936950015602633
                                }
                            }
                        }
                    }
                },
                "TrainerController._save_models": {
                    "total": 0.08431859999836888,
                    "count": 1,
                    "self": 0.003007199993589893,
                    "children": {
                        "RLTrainer._checkpoint": {
                            "total": 0.08131140000477899,
                            "count": 1,